{
  "com.liferay.client.extension.type.configuration.CETConfiguration~afci-eclaim-cx" : {
    ":configurator:policy" : "force",
    "baseURL" : "${portalURL}/o/afci-eclaim-cx",
    "buildTimestamp" : 1751446765530,
    "description" : "",
    "dxp.lxc.liferay.com.virtualInstanceId" : "default",
    "name" : "AFCI Eclaim Application",
    "projectId" : "afcieclaimcx",
    "projectName" : "afci-eclaim-cx",
    "properties" : [ ],
    "sourceCodeURL" : "",
    "type" : "customElement",
    "typeSettings" : [ "friendlyURLMapping=afci-eclaim-cx", "instanceable=false", "urls=js\\main.1164decc.js", "useESM=true", "htmlElementName=afci-eclaim-cx", "cssURLs=css\\main.4926e3df.css", "portletCategoryName=category.client-extensions" ],
    "webContextPath" : "/afci-eclaim-cx"
  }
}